age,gender,fever,cough,fatigue,bp_level,cholesterol,diabetes,disease
58,1,0,1,0,162,247,0,1
71,0,1,0,0,168,263,1,0
48,0,1,1,0,138,247,1,1
34,1,0,0,0,128,245,1,0
62,0,0,0,1,157,286,1,0
27,0,1,0,1,123,194,0,0
40,0,0,1,0,132,215,1,1
58,0,1,0,1,161,262,1,0
38,1,1,0,0,135,210,0,0
42,0,1,1,1,149,231,0,1
30,1,1,0,0,128,214,0,1
30,0,1,0,0,128,227,0,0
43,0,0,1,0,139,233,0,0
72,0,0,0,0,159,306,1,0
55,0,1,0,0,148,243,1,0
59,1,1,0,0,151,284,1,1
43,1,0,1,1,143,214,1,1
22,0,0,1,0,126,208,1,0
41,0,1,1,1,150,224,1,1
72,1,0,0,0,173,295,1,0
21,0,1,0,1,129,217,1,1
43,0,0,1,1,142,224,0,0
63,0,1,0,1,163,279,1,0
49,1,0,0,0,139,235,0,0
57,1,1,1,0,163,277,0,0
21,1,0,1,1,128,183,0,0
40,0,0,0,0,144,242,1,0
52,0,1,0,1,144,233,1,0
31,1,0,0,0,124,245,0,1
41,1,1,1,1,148,220,1,1
63,1,0,1,1,157,248,1,0
44,1,1,1,0,136,238,0,1
68,0,0,1,1,161,261,1,0
46,1,1,0,0,142,262,0,0
61,0,0,1,1,149,242,1,0
47,1,1,1,1,139,232,0,1
35,0,0,1,0,145,241,1,0
34,1,1,1,0,138,202,0,0
66,1,1,1,0,152,268,1,0
70,1,1,0,1,167,255,1,1
63,1,0,0,0,154,280,1,0
74,0,1,1,1,175,269,0,1
71,1,0,0,1,171,272,1,0
22,0,1,1,0,131,191,1,0
56,0,0,1,0,158,244,1,0
70,0,1,0,1,160,269,0,0
26,0,0,0,1,133,212,0,1
40,1,0,1,0,133,247,0,0
28,0,1,1,0,132,226,0,1
58,0,0,1,0,164,266,1,0
37,0,0,0,0,135,235,0,0
23,1,1,1,0,123,232,1,1
44,1,0,1,1,136,220,1,0
33,1,0,1,1,131,242,0,0
69,1,0,0,1,172,302,1,0
28,0,1,1,1,123,205,0,0
45,0,0,1,0,153,227,1,0
72,1,1,0,0,171,266,0,1
21,0,0,1,0,134,214,0,0
39,0,0,1,1,132,219,0,1
47,0,0,0,1,156,254,1,1
66,1,1,1,0,157,283,1,1
26,1,0,0,0,120,189,0,1
63,0,0,0,1,164,283,1,1
27,1,1,1,1,130,211,0,0
66,1,0,1,0,170,277,0,0
54,1,1,1,0,159,238,0,0
33,1,1,1,1,130,209,0,1
36,1,0,0,0,131,244,0,1
55,0,1,1,0,153,268,0,0
69,1,0,0,0,171,266,0,0
59,0,1,1,1,156,267,0,1
23,0,1,1,1,134,218,0,1
21,1,0,1,1,135,201,0,0
25,0,1,0,1,124,223,1,0
73,0,1,1,1,159,263,1,1
61,0,1,1,1,153,259,0,1
23,1,1,1,1,119,197,0,0
73,1,1,1,0,170,284,0,1
48,0,0,0,0,148,225,0,0
37,1,1,1,0,139,229,0,0
45,1,0,0,0,151,261,1,0
63,1,1,0,0,160,285,1,0
53,1,0,0,0,160,253,1,0
29,0,0,0,0,137,210,0,0
55,0,1,0,1,159,271,1,0
33,1,1,0,1,136,206,0,0
50,1,1,1,0,155,263,0,0
67,0,0,0,0,160,289,1,0
34,0,1,0,1,130,214,0,0
27,1,0,0,0,128,221,0,1
33,0,0,1,0,129,236,0,0
42,1,0,1,1,135,245,1,0
59,1,1,0,0,149,260,0,0
40,0,1,1,1,149,224,1,1
35,0,0,0,0,146,234,1,0
64,1,0,0,1,169,270,1,0
37,1,1,1,1,133,221,0,1
66,0,0,0,1,169,281,1,0
72,1,1,1,0,166,304,0,1
43,0,0,1,1,139,215,0,1
45,1,1,0,0,136,230,1,1
44,0,0,0,0,139,255,0,1
64,0,1,1,0,159,285,1,1
60,0,0,0,0,159,278,1,0
48,1,1,0,1,151,227,1,0
34,1,1,0,1,128,206,0,0
64,0,0,1,0,167,248,0,0
20,1,0,1,0,129,186,1,1
44,0,1,0,1,147,223,1,0
26,0,0,1,0,128,230,0,1
28,1,1,1,1,136,206,1,1
43,1,0,1,0,148,260,1,1
20,0,1,1,0,126,208,1,1
63,1,1,1,1,165,276,1,1
27,1,1,0,0,137,219,0,0
43,0,1,0,1,137,252,0,0
30,0,1,0,0,124,221,0,0
70,1,1,1,0,163,290,1,1
36,0,0,1,0,144,232,1,1
27,0,0,0,1,123,227,0,0
54,1,0,1,0,162,263,0,0
54,0,1,0,0,157,267,1,0
52,0,1,0,0,155,254,1,1
24,1,1,0,0,132,218,0,0
61,1,1,1,1,161,244,0,1
58,0,0,1,1,147,258,0,0
60,0,0,0,0,160,241,0,0
47,1,1,0,1,150,229,1,0
26,1,0,0,0,138,193,0,0
28,1,0,0,0,128,201,0,0
27,1,1,1,0,123,222,1,1
31,0,0,1,1,138,233,0,0
53,1,1,0,1,155,241,1,0
52,1,0,0,1,151,258,1,0
67,0,1,1,1,167,296,0,1
74,1,1,1,1,171,296,0,1
42,0,1,0,1,150,257,0,1
43,1,1,0,1,139,237,0,0
56,1,0,0,1,146,248,1,0
54,1,1,1,1,161,259,1,0
63,0,1,1,0,164,251,1,1
59,0,1,1,1,151,242,1,1
41,1,0,0,1,141,239,0,1
46,0,1,0,1,142,265,1,1
54,0,0,1,1,159,234,1,0
20,0,1,1,1,122,191,0,1
54,0,0,0,1,154,275,1,0
56,0,0,1,1,160,235,0,0
66,0,1,1,1,164,275,0,1
33,1,0,0,1,145,229,1,1
22,1,1,1,1,120,218,1,1
20,0,1,0,1,125,215,0,0
24,1,1,0,0,121,211,0,1
45,1,0,0,0,144,259,1,0
74,1,0,0,1,171,287,0,1
33,1,1,0,1,143,203,1,0
58,0,1,0,0,160,256,1,0
46,1,0,0,1,139,229,0,0
28,1,1,1,0,136,201,0,0
34,0,1,0,0,128,240,0,0
34,0,1,0,0,141,238,1,0
45,1,0,1,0,143,222,1,0
61,1,0,1,0,155,248,1,1
32,1,0,1,1,141,220,0,1
70,1,1,0,0,167,301,0,0
51,1,1,1,1,158,251,0,1
58,1,1,0,1,155,282,1,0
68,0,0,0,0,162,294,0,0
71,1,1,0,0,160,267,1,0
51,1,1,0,1,145,251,1,0
23,0,1,1,0,137,196,1,0
49,0,1,1,0,140,262,1,1
56,0,0,0,1,156,251,0,0
42,0,0,0,1,138,237,1,0
58,1,1,0,0,150,269,1,1
64,1,0,1,1,151,292,1,0
34,1,0,0,0,132,240,0,0
62,1,1,0,0,154,285,1,0
48,1,1,1,0,153,233,0,1
55,1,0,1,1,147,275,1,1
32,0,1,0,1,135,233,0,0
51,1,0,1,1,148,273,1,1
26,0,1,1,1,122,192,0,0
70,0,0,0,1,174,259,1,0
41,1,1,1,0,139,247,0,1
47,0,0,0,0,141,227,0,0
21,1,0,1,0,119,222,1,0
61,0,0,0,0,153,289,0,0
64,1,1,0,1,152,273,1,0
72,0,0,0,0,176,288,1,1
25,1,0,1,1,130,195,0,0
47,1,1,0,0,140,248,1,0
47,1,1,1,1,151,233,1,0
63,1,0,0,1,155,283,1,0
63,1,0,0,0,166,284,1,0
39,0,1,1,0,136,229,0,1
49,0,1,0,0,157,233,1,0
30,0,1,0,0,125,217,0,1
74,1,1,1,1,173,261,0,1
